,imageid,productid,height,width,ratios,file_sizes,mean_luminosity,mean_stddev_luminosity
count,84916.0,84916.0,84916.0,84916.0,84916.0,84916.0,84916.0,84916.0
mean,1152690961.888537,2555468184.9205804,500.0,500.0,1.0,26581.79153516416,195.7741195701634,63.744737284183394
std,175142749.28838205,1588655642.1220088,0.0,0.0,0.0,13845.766608361891,41.127734986550436,22.1329662255439
min,67284.0,183912.0,500.0,500.0,1.0,2061.0,4.177464,0.0
25%,1056268739.75,676051881.25,500.0,500.0,1.0,15712.75,168.36186866666668,47.87051233092103
50%,1213353832.0,3190506128.5,500.0,500.0,1.0,24531.5,203.464844,65.57768700148316
75%,1275645533.25,3995598773.5,500.0,500.0,1.0,35613.0,229.2402593333333,80.42816041311748
max,1328824385.0,4252011632.0,500.0,500.0,1.0,106720.0,255.0,126.25358013709392
